2317094,21,13,100,
2344962,61,14,100,
2342952,66,13,140,
2375392,38,14,153,
2264005,73,10,180,
2329383,48,11,180,
2293184,38,11,300,
2268955,46,13,322,
2256355,51,12,527,
2238255,56,11,600,
2261475,48,15,620,
2335054,24,13,897,
2343204,46,10,1000,
2357732,53,13,1000,
2357732,53,13,1000,
2360602,19,12,1000,
2288025,50,15,1016,
2355385,19,13,1125,
2228614,50,14,1130,
2257734,87,14,1157,
2270795,55,12,1157,
2287234,70,11,1157,
2299425,78,12,1157,
2299425,78,12,1157,
2299425,78,12,1157,
2304825,69,14,1157,
2371052,68,12,1157,
2360432,23,13,1200,
2330193,73,12,1350,
2274255,76,11,1358,
2320613,34,12,1358,
2240705,62,15,1417,
2316223,62,13,1541,
2254395,65,14,1577,
2254395,65,14,1577,
2361502,63,15,1970,
2304155,65,12,2000,
2316673,61,11,2000,
2323103,19,13,2000,
2367692,64,12,2000,
2327863,24,13,2008,
2314573,45,16,2100,
2391413,19,13,2200,
2295325,82,12,2285,
2272164,82,12,2314,
2244925,74,12,2357,
2235555,36,11,2490,
2325063,66,14,2500,
2258395,55,13,2562,
2271355,53,12,2717,
2276184,59,13,2797,
2298044,75,11,2933,
2298044,75,11,2933,
2242734,42,13,3300,
2300585,51,13,3500,
2337523,36,13,3600,
2259015,45,10,3655,
2352642,66,10,3668,
2312993,45,12,3760,
2312993,45,12,3760,
2312993,45,12,3760,
2274595,47,12,3793,
2257155,22,12,3800,
2405494,40,13,3901,
2311223,68,13,3917,
2230755,45,12,4500,
2363545,44,12,4500,
2256834,49,12,4527,
2314333,60,12,4536,
2316653,44,14,4548,
2289785,49,11,4700,
2369842,73,17,4764,
2369752,55,12,4906,
2256934,31,11,5000,
2342414,18,13,5060,
2263594,87,13,5169,
2269544,44,15,5193,
2308113,53,12,5200,
2361972,87,15,5226,
2356434,21,13,5300,
2264255,44,11,5326,
2371612,73,12,5799,
2364522,44,13,6000,
2256485,56,12,6468,
2321383,49,16,6900,
2369622,38,13,6930,
2274495,64,12,7000,
2318293,34,12,7000,
2231104,60,15,7013,
2266995,68,12,7529,
2266995,68,12,7529,
2387062,75,10,7529,
2232254,35,11,7615,
2284245,40,15,7781,
2356542,34,12,7800,
2326525,54,11,7916,
2277574,56,13,7998,
2263184,78,10,8157,
2263184,78,10,8157,
2263184,78,10,8157,
2274554,82,15,8369,
2332533,87,10,8436,
2318253,56,13,8600,
2352112,48,11,8739,
2366732,66,12,8741,
2280885,79,12,8833,
2283604,44,14,8867,
2283604,44,14,8867,
2360522,31,10,9000,
2369954,27,11,9117,
2351404,18,13,9172,
2351662,58,15,9256,
2248574,76,10,9480,
2248574,76,10,9480,
2297035,70,13,9557,
2320683,81,12,9886,
2293785,28,15,9956,
2305954,61,10,9956,
2289194,36,10,10000,
2318845,29,11,10000,
2359532,61,13,10000,
2357722,64,12,10080,
2307415,79,10,10157,
2307415,79,10,10157,
2307415,79,10,10157,
2307415,79,10,10157,
2262764,73,10,10161,
2370422,81,10,10258,
2279474,76,13,10357,
2329323,79,16,10757,
2252415,76,15,10838,
2290355,46,12,11017,
2252434,81,11,11021,
2255564,49,13,11023,
2394084,68,11,11065,
2349622,71,11,11138,
2291534,32,13,11220,
2292234,68,16,11486,
2361642,49,14,11600,
2273415,59,10,11800,
2303554,73,11,11809,
2355602,63,11,11864,
2365892,40,11,11900,
2334343,78,10,11957,
2249954,29,10,11980,
2259464,32,11,12000,
2369372,44,10,12000,
2371602,31,11,12000,
2288905,80,10,12114,
2304225,63,13,12169,
2345973,19,13,12200,
2247884,72,11,12205,
2264084,70,10,12264,
2262915,38,15,12300,
2305715,19,11,12435,
2243905,61,13,12500,
2243905,61,13,12500,
2347162,67,13,12629,
2289555,62,10,12637,
2302835,30,11,13000,
2259675,53,10,13100,
2259675,53,10,13100,
2344002,59,14,13350,
2322113,42,15,13357,
2332263,66,12,13407,
2332263,66,12,13407,
2343972,32,11,13450,
2309723,25,13,13500,
2309723,25,13,13500,
2238454,75,12,13508,
2325943,52,13,13691,
2227734,82,11,13837,
2347422,67,16,13877,
2337553,41,11,14089,
2328843,34,10,14352,
2365982,49,13,14393,
2260834,54,13,14400,
2284205,52,13,14500,
2349605,23,13,14500,
2308823,19,12,14531,
2289754,26,12,14690,
2235214,55,11,14697,
2234984,80,11,14704,
2234984,80,11,14704,
2318453,58,11,14719,
2260255,72,12,14885,
2342682,87,10,14900,
2355244,35,12,14940,
2251434,61,12,14988,
2242994,58,12,15076,
2233024,78,12,15081,
2287434,60,11,15269,
2323073,65,12,15317,
2261515,64,12,15396,
2326643,22,13,15400,
2331043,70,15,15429,
2303214,26,12,15530,
2371792,75,12,15593,
2356742,22,12,15805,
2291944,45,14,15816,
2282145,65,16,15828,
2282145,65,16,15828,
2329093,68,15,15857,
2248934,52,15,15894,
2312123,25,12,16000,
2328053,87,13,16013,
2261654,66,11,16143,
2329213,44,11,16200,
2329213,44,11,16200,
2329213,44,11,16200,
2282294,33,14,16254,
2282605,61,12,16311,
2253574,61,13,16510,
2369232,29,10,16570,
2342283,87,11,16571,
2277714,67,12,16633,
2345285,22,13,16790,
2303594,42,11,16800,
2282115,20,12,16830,
2228274,50,12,16848,
2339993,87,15,16877,
2345222,65,12,16950,
2242965,41,12,17000,
2305924,43,10,17000,
2305924,43,10,17000,
2338313,23,13,17200,
2343902,33,14,17200,
2318923,43,12,17280,
2376092,64,10,17377,
2349172,87,11,17549,
2349172,87,11,17549,
2233245,49,11,17600,
2263244,87,15,17653,
2263244,87,15,17653,
2268054,69,12,17803,
2361202,37,11,17900,
2361202,37,11,17900,
2299625,71,10,17906,
2292144,36,11,17925,
2356484,40,13,17988,
2343892,20,13,18000,
2362512,34,10,18000,
2354542,60,12,18080,
2309093,59,12,18100,
2338073,33,12,18118,
2328263,42,10,18180,
2276905,52,12,18200,
2263105,26,14,18300,
2274074,33,12,18400,
2347592,21,13,18600,
2349302,80,11,18704,
2298255,62,15,18761,
2356122,66,12,18832,
2257775,72,10,18837,
2315023,63,13,18860,
2257455,45,14,19000,
2257455,45,14,19000,
2367452,33,14,19084,
2278355,54,13,19085,
2262705,53,12,19105,
2230414,64,11,19109,
2369745,24,13,19300,
2314813,57,16,19302,
2314813,57,16,19302,
2314813,57,16,19302,
2336103,76,10,19360,
2356762,52,11,19370,
2377102,72,12,19621,
2377102,72,12,19621,
2232774,25,10,19760,
2232774,25,10,19760,
2232774,25,10,19760,
2317893,57,15,19776,
2297914,80,11,19916,
2292055,45,12,20000,
2278485,75,12,20314,
2309933,63,10,20344,
2370292,63,12,20360,
2365532,58,13,20404,
2332793,63,15,20460,
2376382,73,16,20493,
2309843,70,14,20638,
2243915,66,12,20669,
2377052,24,11,20795,
2377052,24,11,20795,
2377052,24,11,20795,
2377052,24,11,20795,
2357132,78,12,20957,
2357132,78,12,20957,
2295215,55,12,20972,
2295215,55,12,20972,
2354835,20,13,21000,
2254444,52,12,21014,
2254444,52,12,21014,
2338493,70,11,21317,
2299595,87,12,21471,
2355972,71,12,21514,
2351182,57,12,21557,
2313653,51,13,21837,
2268894,24,13,22000,
2363402,53,15,22000,
2342183,58,17,22061,
2290375,68,12,22081,
2310713,62,11,22109,
2235534,51,11,22195,
2370852,29,15,22200,
2234785,46,12,22422,
2239345,30,12,22500,
2258434,52,13,22500,
2229975,76,12,22627,
2298455,47,12,22929,
2258375,73,12,22938,
2351022,32,14,23068,
2368492,50,16,23100,
2283395,78,12,23140,
2283395,78,12,23140,
2230704,41,14,23160,
2241995,62,12,23216,
2246615,56,14,23400,
2246615,56,14,23400,
2246615,56,14,23400,
2330683,32,13,23402,
2253894,71,12,23501,
2259984,30,11,23600,
2274854,31,13,23864,
2307734,45,13,24000,
2322033,31,13,24000,
2328193,43,14,24000,
2344192,56,13,24000,
2344192,56,13,24000,
2344192,56,13,24000,
2366852,61,13,24000,
2369042,30,13,24000,
2402024,25,12,24000,
2277854,35,12,24200,
2277854,35,12,24200,
2317633,32,10,24300,
2332923,49,13,24389,
2249344,31,13,24543,
2315333,44,14,24663,
2249134,49,11,24698,
2244884,39,13,24750,
2365152,25,13,24825,
2250644,36,11,25000,
2250644,36,11,25000,
2250644,36,11,25000,
2334123,32,13,25000,
2334123,32,13,25000,
2249675,87,15,25027,
2275935,69,13,25169,
2313383,24,12,25184,
2352862,70,12,25245,
2289434,87,12,25358,
2262754,79,15,25413,
2360832,65,10,25474,
2245835,21,12,25484,
2365212,65,13,25664,
2367052,64,10,25724,
2338593,67,13,25762,
2325343,52,11,25844,
2334363,65,10,25890,
2367342,24,14,25899,
2255005,35,13,25961,
2336283,28,15,26015,
2327063,34,13,26039,
2309053,51,14,26080,
2321343,56,12,26415,
2313613,87,15,26562,
2353494,21,13,26600,
2353494,21,13,26600,
2330963,34,12,26630,
2349242,87,12,26665,
2271064,36,14,26847,
2263344,52,14,26947,
2323913,66,13,26997,
2260464,41,11,27000,
2240595,72,17,27057,
2240595,72,17,27057,
2329303,27,10,27200,
2371242,67,12,27222,
2342675,33,10,27263,
2342675,33,10,27263,
2244624,76,12,27383,
2368282,87,15,27538,
2368282,87,15,27538,
2309703,82,10,27778,
2347362,56,14,27800,
2337423,25,15,27859,
2241314,29,13,27950,
2337203,56,11,28000,
2337203,56,11,28000,
2282814,64,12,28180,
2237535,44,13,28188,
2320814,24,15,28200,
2368392,24,12,28273,
2326803,47,11,28300,
2232795,40,10,28321,
2234274,74,11,28330,
2234274,74,11,28330,
2287875,64,11,28373,
2333573,63,12,28553,
2249734,54,11,28680,
2285845,35,10,28680,
2228075,49,12,28775,
2324063,59,12,28779,
2354672,37,13,28800,
2355332,71,16,29189,
2321723,46,13,29265,
2321723,46,13,29265,
2302074,40,14,29300,
2353442,49,12,29381,
2297865,71,12,29413,
2368042,36,14,29800,
2314163,63,13,29957,
2253745,51,14,30000,
2256444,42,15,30000,
2350442,28,11,30000,
2364392,77,15,30039,
2253105,48,15,30049,
2336383,27,12,30052,
2336383,27,12,30052,
2289274,21,12,30160,
2367932,74,12,30478,
2314923,48,10,30480,
2295035,49,10,30500,
2237654,61,13,30502,
2310883,34,11,30520,
2341623,59,12,30600,
2341623,59,12,30600,
2274684,36,12,30694,
2291694,58,14,30800,
2258354,23,14,31184,
2375755,67,14,31194,
2331893,26,16,31200,
2371762,58,13,31400,
2372702,31,13,31550,
2369342,54,14,31641,
2347332,53,12,31820,
2347332,53,12,31820,
2235794,20,12,32000,
2333673,42,12,32016,
2320903,62,13,32018,
2358452,34,12,32061,
2303134,31,12,32200,
2332933,40,14,32200,
2330083,41,15,32228,
2372672,54,16,32277,
2273375,56,12,32371,
2253484,30,12,32400,
2268605,51,11,32400,
2322024,48,14,32400,
2292324,59,16,32785,
2333163,70,13,32813,
2333163,70,13,32813,
2270024,57,15,33020,
2270024,57,15,33020,
2266355,40,11,33221,
2317523,75,11,33586,
2257425,48,12,33684,
2241605,49,16,34000,
2243175,25,12,34000,
2243505,31,17,34000,
2252715,55,15,34000,
2268755,35,11,34000,
2268755,35,11,34000,
2321253,51,12,34000,
2341753,45,10,34000,
2311403,33,13,34165,
2280265,87,12,34280,
2228825,43,11,34400,
2258105,60,10,34570,
2241185,72,13,34757,
2318413,58,13,34791,
2318413,58,13,34791,
2263124,36,10,34819,
2263124,36,10,34819,
2268795,82,13,34858,
2350972,82,12,34894,
2350972,82,12,34894,
2350972,82,12,34894,
2328543,68,12,34917,
2308953,38,15,34957,
2343422,39,13,34972,
2229405,35,13,35000,
2357232,46,10,35000,
2376412,31,15,35075,
2261465,67,12,35186,
2261465,67,12,35186,
2253145,51,12,35400,
2247655,38,16,35526,
2355202,43,15,35558,
2376542,61,14,35599,
2369322,52,11,35711,
2370262,65,11,35841,
2360802,24,15,35940,
2348352,74,13,35950,
2407124,32,15,36100,
2310633,40,13,36300,
2298395,54,10,36373,
2298395,54,10,36373,
2298395,54,10,36373,
2247935,75,12,36457,
2239375,30,12,36595,
2240574,58,12,36653,
2346315,53,16,36698,
2346315,53,16,36698,
2354152,62,12,36700,
2354152,62,12,36700,
2259195,45,12,36882,
2354812,41,12,36939,
2360362,52,10,37000,
2326283,37,11,37081,
2368102,44,12,37168,
2228445,22,12,37186,
2288294,26,13,37472,
2372782,30,14,37482,
2249424,52,12,37490,
2314753,28,13,37500,
2304064,34,14,37580,
2304064,34,14,37580,
2235784,42,14,37778,
2294084,59,13,37800,
2294084,59,13,37800,
2319373,58,13,38000,
2368332,44,14,38000,
2265684,66,15,38048,
2328763,49,14,38187,
2348612,38,13,38266,
2295704,62,12,38308,
2295704,62,12,38308,
2346022,18,11,38308,
2306115,61,13,38443,
2250745,57,12,38560,
2305594,71,14,38857,
2368292,64,15,38900,
2372512,56,12,39117,
2372512,56,12,39117,
2320913,87,12,39142,
2247274,64,15,39430,
2332553,23,11,39473,
2234384,43,11,39550,
2256865,33,10,39653,
2308573,57,13,39800,
2335013,53,13,39800,
2324583,40,14,39859,
2347112,58,12,39884,
2278274,31,15,39929,
2303175,31,15,40000,
2313403,43,12,40000,
2323373,38,10,40000,
2327683,69,12,40000,
2357442,59,12,40000,
2352392,31,12,40300,
2362472,52,13,40324,
2294105,57,15,40377,
2348412,69,13,40474,
2344822,44,12,40853,
2237994,57,11,41000,
2261274,68,12,41044,
2362622,26,12,41058,
2335333,51,12,41107,
2335333,51,12,41107,
2229264,47,11,41185,
2361892,57,12,41300,
2354082,46,13,41325,
2349262,37,13,41356,
2335943,21,12,41373,
2352232,31,13,41500,
2255035,51,13,41511,
2373102,60,15,41640,
2373102,60,15,41640,
2271375,57,12,41850,
2266275,69,13,41934,
2359482,34,12,41992,
2359482,34,12,41992,
2359482,34,12,41992,
2228024,36,13,42000,
2280625,54,15,42000,
2306034,35,15,42010,
2302954,59,15,42071,
2302954,59,15,42071,
2361182,87,10,42185,
2340533,29,11,42280,
2288315,72,12,42309,
2288315,72,12,42309,
2298135,46,12,42362,
2374522,57,12,42363,
2345892,49,12,42830,
2266824,32,15,42878,
2266824,32,15,42878,
2266824,32,15,42878,
2286075,33,10,42930,
2375412,51,12,42997,
2375412,51,12,42997,
2348462,61,13,43000,
2361262,39,16,43000,
2397554,38,13,43000,
2247975,58,14,43035,
2375692,50,12,43168,
2371182,52,12,43410,
2310023,26,12,43500,
2300404,34,13,43593,
2327903,30,13,43639,
2247505,36,12,43643,
2359752,27,14,43649,
2323253,40,15,43738,
2269174,68,11,43881,
2327143,64,11,43932,
2348562,68,16,43946,
2312743,40,12,44000,
2289145,58,13,44120,
2289145,58,13,44120,
2231595,42,14,44157,
2300945,53,14,44171,
2366032,44,14,44300,
2399743,32,14,44361,
2372202,55,13,44400,
2234054,78,12,44408,
2234054,78,12,44408,
2234054,78,12,44408,
2280954,29,14,44500,
2280954,29,14,44500,
2287245,55,14,44550,
2326703,40,12,44600,
2325834,35,11,44714,
2357782,54,12,44787,
2372792,56,12,44900,
2261384,69,15,44954,
2298965,63,12,44979,
2229365,59,14,45000,
2278514,63,12,45000,
2336213,52,13,45000,
2344212,47,12,45004,
2245104,69,14,45065,
2363492,32,14,45071,
2242825,55,13,45200,
2343412,54,13,45256,
2311423,70,12,45257,
2310913,45,12,45300,
2293644,24,12,45333,
2304835,48,12,45600,
2304835,48,12,45600,
2354042,48,13,45771,
2354042,48,13,45771,
2273774,37,14,45832,
2343282,65,13,45987,
2233424,22,12,46000,
2283274,29,14,46100,
2361582,57,14,46180,
2308025,65,12,46237,
2323043,28,14,46416,
2301214,40,12,46424,
2256595,56,12,46500,
2293144,38,11,46500,
2334683,68,15,46522,
2346622,58,11,46526,
2360292,31,14,46700,
2315073,69,13,46811,
2346452,53,10,46825,
2346452,53,10,46825,
2305535,77,11,46982,
2363662,46,12,47000,
2400523,45,12,47156,
2293505,33,13,47259,
2339503,57,14,47317,
2339503,57,14,47317,
2283115,78,11,47565,
2251544,40,12,47570,
2291814,60,13,47709,
2230175,62,15,47757,
2230175,62,15,47757,
2403024,51,11,47800,
2275334,38,16,47812,
2304375,76,12,47814,
2250315,51,14,47920,
2265054,73,12,47932,
2272274,64,12,48000,
2272274,64,12,48000,
2281685,46,11,48000,
2281685,46,11,48000,
2308813,50,14,48000,
2365322,54,12,48000,
2387314,30,11,48000,
2249874,79,10,48197,
2337123,43,13,48200,
2357022,61,14,48283,
2307834,50,12,48384,
2307834,50,12,48384,
2267134,32,12,48480,
2409605,51,13,48500,
2376222,69,10,48726,
2376222,69,10,48726,
2272834,70,13,48919,
2232725,19,11,49000,
2232725,19,11,49000,
2313733,58,12,49000,
2288845,30,15,49050,
2285595,27,15,49296,
2285045,63,14,49572,
2367942,55,13,49700,
2369892,27,15,49747,
2285884,27,15,49870,
2263994,51,13,49875,
2263994,51,13,49875,
2272965,41,12,50000,
2289114,40,16,50000,
2301275,51,14,50000,
2306435,28,16,50000,
2306435,28,16,50000,
2306435,28,16,50000,
2331763,87,13,50074,
2310563,39,14,50200,
2315263,28,12,50244,
2285914,32,14,50584,
2240004,63,12,50717,
2336183,87,12,50838,
2313363,72,14,50885,
2299445,35,12,50927,
2265994,48,15,51000,
2357042,50,13,51172,
2294815,36,13,51810,
2294815,36,13,51810,
2231734,68,12,51843,
2231734,68,12,51843,
2326933,56,11,51985,
2246835,65,12,52000,
2304785,40,14,52000,
2298665,30,12,52034,
2304084,61,13,52045,
2343132,33,13,52220,
2350753,31,17,53000,
2328963,34,10,53059,
2337393,56,14,53355,
2348572,30,15,53356,
2346712,24,13,53370,
2273345,60,14,53391,
2273345,60,14,53391,
2334753,87,12,53589,
2257005,57,15,53600,
2329003,42,13,53620,
2317483,40,12,53709,
2274734,41,12,53745,
2316183,50,12,54163,
2316183,50,12,54163,
2370362,63,13,54349,
2376842,61,13,54357,
2287934,56,13,54379,
2343695,35,13,54512,
2262014,36,12,54573,
2337463,61,12,54617,
2235845,33,15,54618,
2279965,31,12,54950,
2336453,50,14,55000,
2354872,57,14,55000,
2359202,63,13,55100,
2372312,45,12,55367,
2315843,66,13,55422,
2293094,69,13,55462,
2293094,69,13,55462,
2366302,34,12,55595,
2301724,62,13,55645,
2344372,43,14,55925,
2344372,43,14,55925,
2293705,47,15,55928,
2293705,47,15,55928,
2309293,63,16,56050,
2233575,69,13,56224,
2233575,69,13,56224,
2285624,31,16,56250,
2281625,31,13,56450,
2279134,62,14,56460,
2292875,54,15,56509,
2237755,55,12,56795,
2372972,47,12,57000,
2376342,41,12,57225,
2328973,45,12,57264,
2235705,41,10,57810,
2258265,48,13,57840,
2258265,48,13,57840,
2233554,34,12,57984,
2308663,39,14,58000,
2340113,43,13,58000,
2245885,68,12,58094,
2245885,68,12,58094,
2347922,45,12,58100,
2375632,69,12,58322,
2274844,69,13,59152,
2269004,45,12,59400,
2364692,74,12,59431,
2334923,44,13,59437,
2319493,31,13,59550,
2276055,69,12,59661,
2252125,49,12,59950,
2348752,30,16,59968,
2370552,32,13,59985,
2370552,32,13,59985,
2324324,25,15,60000,
2351532,36,11,60000,
2316293,63,12,60151,
2315853,63,15,60187,
2312763,53,13,60400,
2354282,33,15,60500,
2337063,60,15,60580,
2346802,44,15,60703,
2291445,44,15,61000,
2291445,44,15,61000,
2374982,34,14,61411,
2246485,68,16,61692,
2268845,22,14,61798,
2241555,35,14,61800,
2351054,26,15,61850,
2231705,38,13,61883,
2310093,64,15,62000,
2310093,64,15,62000,
2330703,51,12,62000,
2310543,34,13,62200,
2315953,34,12,62330,
2357952,22,11,62370,
2357952,22,11,62370,
2373542,38,15,62481,
2300685,73,16,62597,
2366902,34,13,62662,
2366902,34,13,62662,
2338543,64,16,62750,
2248645,61,12,62982,
2248645,61,12,62982,
2273335,69,15,63114,
2280135,41,13,63172,
2237024,27,12,63400,
2287194,75,16,63760,
2287194,75,16,63760,
2375112,34,12,63797,
2341473,48,15,63916,
2268924,52,12,63934,
2247265,29,14,64000,
2247265,29,14,64000,
2375132,47,12,64005,
2330553,37,13,64121,
2330553,37,13,64121,
2229794,69,15,64230,
2353895,45,10,64231,
2330473,60,15,64662,
2358062,69,13,64857,
2314423,50,14,65045,
2314423,50,14,65045,
2332843,59,15,65060,
2346192,27,14,65120,
2262895,32,14,65200,
2288775,62,12,65218,
2335123,59,12,65387,
2357012,50,15,65425,
2283335,27,15,65630,
2376672,24,15,65964,
2268204,50,15,66000,
2344462,69,16,66558,
2344462,69,16,66558,
2289924,32,15,66590,
2368342,73,12,66605,
2368342,73,12,66605,
2310733,57,15,66695,
2309743,31,15,66717,
2348392,29,17,66780,
2337343,53,12,66876,
2233315,50,13,66970,
2324083,59,12,67007,
2339263,26,12,67055,
2339263,26,12,67055,
2303334,55,12,67240,
2311923,56,12,67322,
2231555,43,14,67685,
2297375,57,12,67857,
2307495,60,12,67964,
2275874,72,15,67991,
2276515,32,13,68234,
2276515,32,13,68234,
2374502,33,14,68300,
2261605,47,13,68600,
2368702,65,12,68741,
2345082,46,13,68806,
2286855,24,13,68895,
2343832,48,12,68962,
2343832,48,12,68962,
2361982,44,14,69050,
2231725,56,10,69264,
2244025,39,12,69481,
2244025,39,12,69481,
2356682,56,12,69919,
2356682,56,12,69919,
2314473,31,16,69936,
2314473,31,16,69936,
2366355,30,13,69937,
2293905,43,12,70000,
2237775,63,13,70100,
2302804,29,13,70167,
2361792,39,12,70200,
2361792,39,12,70200,
2251524,26,15,70248,
2288724,39,13,70294,
2333873,52,14,70393,
2374705,60,13,70572,
2294594,53,14,70702,
2308064,68,13,70817,
2329023,56,13,70960,
2351262,30,15,71000,
2341253,38,13,71047,
2368082,52,12,71075,
2358682,51,14,71301,
2358682,51,14,71301,
2229924,35,14,71500,
2358242,61,13,72000,
2247044,28,13,72100,
2239095,37,12,72363,
2336863,46,14,72549,
2359432,44,12,72606,
2298625,47,12,72918,
2298625,47,12,72918,
2341133,37,12,72945,
2341133,37,12,72945,
2334293,58,15,73200,
2334293,58,15,73200,
2358792,33,13,73352,
2358792,33,13,73352,
2287654,45,13,73766,
2276244,54,11,73840,
2271154,36,12,73844,
2271154,36,12,73844,
2370642,68,16,73896,
2328523,68,13,74089,
2315753,44,12,74294,
2315753,44,12,74294,
2253164,48,13,74309,
2237524,37,16,74438,
2268075,39,10,74487,
2268075,39,10,74487,
2326853,49,12,74503,
2296705,55,13,74657,
2308973,38,13,74781,
2308973,38,13,74781,
2243395,36,16,75000,
2256285,46,14,75000,
2292414,52,13,75000,
2303914,61,13,75000,
2325023,60,17,75000,
2348242,37,13,75000,
2368542,51,13,75000,
2243845,51,10,75005,
2243845,51,10,75005,
2299375,51,12,75046,
2237375,43,15,75100,
2371842,39,15,75164,
2261244,62,14,75620,
2261244,62,14,75620,
2362432,71,13,75917,
2239545,33,16,76000,
2258074,44,14,76200,
2240865,46,16,76686,
2240865,46,16,76686,
2371672,57,14,76734,
2369422,68,12,76766,
2343322,42,12,76904,
2294834,37,13,76931,
2257434,57,14,76987,
2254045,48,16,77158,
2254045,48,16,77158,
2315663,41,13,77190,
2354472,65,12,77355,
2354472,65,12,77355,
2238024,54,12,77425,
2238024,54,12,77425,
2293154,32,14,77700,
2373112,23,15,77773,
2345792,62,14,77816,
2345792,62,14,77816,
2357802,48,14,77958,
2265084,46,12,78226,
2277304,52,13,78293,
2277304,52,13,78293,
2357912,34,12,78307,
2318443,59,14,78340,
2260054,35,16,78400,
2287985,47,13,78500,
2333213,39,11,78600,
2333213,39,11,78600,
2333213,39,11,78600,
2238205,39,13,78695,
2247434,64,11,78764,
2247434,64,11,78764,
2286034,31,13,79000,
2282804,60,14,79016,
2375182,35,12,79162,
2238195,59,14,79200,
2357092,28,15,79200,
2359342,72,12,79205,
2246844,52,11,79230,
2368902,30,12,79291,
2368902,30,12,79291,
2368902,30,12,79291,
2241154,33,14,79400,
2366592,51,15,79500,
2268874,57,13,79545,
2339693,63,15,79860,
2247464,33,11,80000,
2260435,39,15,80000,
2251184,60,12,80911,
2255204,67,12,81056,
2295785,49,12,81065,
2303545,25,13,81171,
2353062,56,13,81400,
2353062,56,13,81400,
2334543,52,12,81500,
2334543,52,12,81500,
2338013,54,14,81790,
2334243,35,13,81922,
2251944,31,14,82000,
2311413,26,15,82000,
2365342,46,13,82121,
2365342,46,13,82121,
2274944,27,15,82592,
2358482,46,13,82713,
2374602,42,16,82714,
2290695,59,12,83000,
2358402,31,12,83280,
2232104,73,12,83287,
2310273,39,13,83300,
2310273,39,13,83300,
2279495,42,12,83350,
2274125,35,12,83698,
2278054,42,12,83698,
2228434,39,12,84000,
2348682,31,15,84025,
2228325,43,14,84040,
2295465,59,15,84147,
2294805,67,10,84320,
2325393,52,12,84342,
2325393,52,12,84342,
2330353,28,15,85250,
2252825,45,15,85385,
2329643,52,13,85511,
2329643,52,13,85511,
2251364,41,12,85678,
2248795,63,12,85700,
2228244,56,12,85997,
2228244,56,12,85997,
2281154,57,17,86000,
2250995,42,15,86200,
2375562,45,16,86274,
2255834,64,15,86669,
2284965,49,14,87000,
2355632,58,12,87100,
2251805,37,14,87200,
2294924,39,11,87250,
2322043,39,15,87296,
2322043,39,15,87296,
2285305,47,15,87400,
2315423,45,14,87400,
2300544,43,14,87627,
2327213,43,15,87792,
2327213,43,15,87792,
2298584,46,14,87806,
2370132,41,13,88000,
2300345,79,17,88434,
2333373,36,13,88640,
2274875,42,11,88920,
2309213,69,14,89357,
2230324,24,13,89364,
2230324,24,13,89364,
2293444,54,11,89564,
2230965,45,13,89688,
2376362,29,15,89985,
2295114,60,14,90000,
2295114,60,14,90000,
2340013,59,13,90456,
2340013,59,13,90456,
2340013,59,13,90456,
2338163,33,16,90810,
2328803,30,13,91024,
2237515,55,15,91189,
2306044,25,14,92094,
2371642,46,13,92199,
2281925,52,13,92300,
2332493,39,13,92360,
2243875,67,13,93506,
2243215,40,15,93711,
2235064,56,15,94100,
2285435,38,12,94450,
2285435,38,12,94450,
2285435,38,12,94450,
2255715,55,15,94528,
2255715,55,15,94528,
2340593,64,10,94900,
2364212,64,0,94995,
2364212,64,0,94995,
2352352,48,15,95063,
2369632,50,14,95165,
2267775,44,15,95291,
2267775,44,15,95291,
2232414,63,13,95770,
2369982,44,12,95793,
2282595,59,12,96300,
2269395,61,14,96335,
2317233,48,13,96378,
2317233,48,13,96378,
2345442,50,12,96450,
2236245,50,12,97000,
2331383,47,13,97000,
2293875,55,15,97737,
2293875,55,15,97737,
2233974,41,15,98100,
2369642,28,15,98129,
2309883,48,13,98544,
2311953,30,16,98796,
2344812,58,10,99000,
2356242,49,15,100000,
2370832,71,12,100090,
2336403,38,13,100100,
2359002,51,12,100157,
2359002,51,12,100157,
2257144,47,16,100490,
2257144,47,16,100490,
2273584,52,17,100766,
2293924,39,13,100881,
2358072,67,15,101057,
2237835,55,12,101300,
2237835,55,12,101300,
2237835,55,12,101300,
2237835,55,12,101300,
2306224,35,12,101333,
2306515,58,13,101740,
2306515,58,13,101740,
2306515,58,13,101740,
2269784,46,14,101869,
2393283,59,12,102000,
2243415,40,12,102270,
2394265,69,15,102302,
2270834,34,13,102420,
2261115,45,15,102500,
2261115,45,15,102500,
2278145,45,15,102763,
2288115,48,12,103400,
2307454,49,11,103500,
2307454,49,11,103500,
2328753,46,12,103600,
2247424,59,13,104000,
2244794,61,15,104242,
2295514,24,12,104500,
2348042,30,14,104751,
2313663,50,12,104757,
2369162,46,12,104877,
2369162,46,12,104877,
2369162,46,12,104877,
2243475,64,10,106049,
2332653,43,15,106200,
2332653,43,15,106200,
2314313,37,11,106300,
2362612,43,10,107000,
2362612,43,10,107000,
2233015,61,15,107101,
2233015,61,15,107101,
2349412,25,15,107400,
2367022,29,14,107870,
2367022,29,14,107870,
2280784,43,17,108596,
2356852,45,12,108900,
2303904,45,12,108938,
2303904,45,12,108938,
2351345,33,14,109740,
2277025,48,12,110000,
2317303,44,13,110000,
2311163,36,16,110123,
2344632,51,15,110154,
2374252,33,12,110300,
2258905,48,13,111500,
2267385,53,15,111533,
2249315,30,13,111967,
2328983,49,15,112000,
2355172,47,10,112000,
2331513,45,14,113005,
2237925,43,15,113364,
2346882,72,16,113557,
2353782,62,15,113630,
2241514,44,13,113913,
2241514,44,13,113913,
2241514,44,13,113913,
2357892,64,14,114031,
2357892,64,14,114031,
2285025,27,15,114105,
2374162,38,16,114757,
2280564,61,11,115000,
2257555,54,12,115294,
2347512,62,13,115357,
2334583,31,15,115367,
2334583,31,15,115367,
2247095,39,16,116000,
2252924,56,13,116364,
2252924,56,13,116364,
2335743,55,14,116500,
2349962,32,15,117467,
2282335,51,13,118000,
2252535,35,15,118100,
2256574,48,15,119050,
2251965,33,15,119450,
2258834,26,15,119882,
2266184,40,11,120000,
2348962,50,17,120000,
2348962,50,17,120000,
2348962,50,17,120000,
2267595,51,13,120366,
2230834,44,12,120730,
2301534,45,15,120996,
2294164,47,14,121245,
2265884,45,16,122000,
2367922,47,12,122000,
2233985,45,12,122192,
2351082,58,12,122557,
2312903,43,13,123000,
2355352,41,16,123042,
2355352,41,16,123042,
2337003,50,12,123250,
2337003,50,12,123250,
2337003,50,12,123250,
2364032,53,15,123400,
2364032,53,15,123400,
2299135,50,15,123901,
2276075,35,15,125000,
2304215,41,15,125157,
2317513,53,15,125500,
2276225,42,12,126400,
2321623,70,15,128479,
2321623,70,15,128479,
2291795,42,12,128700,
2273605,37,15,128723,
2230785,76,14,129657,
2308883,46,15,129700,
2348822,48,15,131000,
2348822,48,15,131000,
2368832,36,16,131364,
2278405,61,13,131919,
2373242,45,15,132391,
2299664,43,16,132480,
2243824,42,15,132900,
2248675,39,12,133000,
2282525,47,13,133760,
2247634,28,13,134468,
2258534,51,13,134599,
2258534,51,13,134599,
2260935,39,16,134746,
2260935,39,16,134746,
2329173,49,14,135000,
2252865,32,16,136250,
2300524,36,14,136347,
2260335,87,13,136400,
2260335,87,13,136400,
2331093,61,16,136819,
2364222,69,13,137117,
2364222,69,13,137117,
2364222,69,13,137117,
2343452,39,12,137450,
2280284,41,15,138344,
2260574,51,16,139672,
2260574,51,16,139672,
2361842,54,12,139900,
2361842,54,12,139900,
2284414,28,13,140005,
2309123,65,16,141600,
2360182,52,12,142330,
2360182,52,12,142330,
2360132,27,15,143000,
2299244,36,14,143992,
2386075,40,13,144000,
2267295,70,13,145019,
2251214,38,14,146394,
2314783,42,14,147000,
2288265,60,15,148242,
2374662,42,14,148334,
2351382,50,12,148964,
2244684,31,12,149732,
2260595,59,17,150400,
2227914,41,15,151588,
2371042,32,15,152265,
2232584,42,13,154910,
2232584,42,13,154910,
2248715,47,15,155544,
2321023,50,16,155914,
2233344,58,15,156000,
2241845,24,13,156124,
2348792,44,15,156950,
2326093,62,13,156988,
2362112,31,15,157000,
2374692,37,15,157350,
2349382,39,16,158946,
2349382,39,16,158946,
2346122,53,16,160329,
2297364,38,16,161200,
2268374,52,12,163000,
2318383,46,15,164310,
2361242,54,15,165600,
2347852,63,13,173512,
2325003,29,15,177000,
2325003,29,15,177000,
2292864,51,13,182552,
2290304,51,15,188700,
2310643,52,12,190725,
2326893,45,15,192151,
2243464,31,15,194915,
2273364,60,12,195568,
2278125,53,12,197145,
2359822,67,13,210424,
2359822,67,13,210424,
2359822,67,13,210424,
2290854,52,13,220600,
2318533,60,17,221771,
2308183,38,16,226042,
2360502,50,15,240570,
2359522,65,12,255157,
2359522,65,12,255157,
2266285,42,13,260500,
2318463,56,17,279357,
2362712,37,12,281422,
2311833,61,15,285537,
2269265,46,14,294096,
2369022,57,17,300000,
2288404,49,15,317308,
2360632,49,14,350019,
2281284,46,12,361454,
2281284,46,12,361454,
2374232,35,16,378034,
2265014,44,15,378314,
2341453,46,15,380148,
2341453,46,15,380148,
2267074,64,16,417000,
2331853,58,17,476484,
2298695,51,15,695953,
2298695,51,15,695953,
2371342,43,17,942034,
2371342,43,17,942034,